{"cameraMode":{"drawMode":0,"name":"Shaded","section":"Shading Mode"},"sceneLighting":true,"audioPlay":false,"sceneViewState":{"showFog":true,"showMaterialUpdate":false,"showSkybox":true,"showFlares":true,"showImageEffects":true,"showParticleSystems":true},"in2DMode":false,"pivot":{"x":5.890869140625,"y":2.4090728759765627,"z":12.021240234375},"rotation":{"x":0.022840414196252824,"y":-0.5010386109352112,"z":0.013229312375187874,"w":0.8650228977203369},"size":2.3473191261291506,"orthographic":true}