{"cameraMode":{"drawMode":0,"name":"Shaded","section":"Shading Mode"},"sceneLighting":true,"audioPlay":false,"sceneViewState":{"showFog":true,"showMaterialUpdate":false,"showSkybox":true,"showFlares":true,"showImageEffects":true,"showParticleSystems":true},"in2DMode":false,"pivot":{"x":5.818203926086426,"y":1.1100029945373536,"z":12.138412475585938},"rotation":{"x":0.17054590582847596,"y":-0.4120335578918457,"z":0.0788150355219841,"w":0.8915899395942688},"size":1.380758285522461,"orthographic":true}