{"cameraMode":{"drawMode":0,"name":"Shaded","section":"Shading Mode"},"sceneLighting":false,"audioPlay":false,"sceneViewState":{"showFog":true,"showMaterialUpdate":false,"showSkybox":false,"showFlares":true,"showImageEffects":true,"showParticleSystems":true},"in2DMode":false,"pivot":{"x":1.7989394664764405,"y":3.020798444747925,"z":2.2749714851379396},"rotation":{"x":-0.05894998088479042,"y":0.29955193400382998,"z":-0.018469195812940599,"w":-0.9521539211273193},"size":4.041658401489258,"orthographic":false}